{
  "train_loss": [
    0.02395079067945664,
    0.021234394126292383
  ],
  "train_acc1": [
    99.35359888190077,
    99.51083158630328
  ],
  "train_acc5": [
    100.0,
    100.0
  ],
  "val_clip_loss": [
    0.049864603820459805,
    0.04592375515559532
  ],
  "val_clip_acc1": [
    98.43640810621943,
    98.58490566037736
  ],
  "val_clip_acc5": [
    99.91264849755416,
    99.8864430468204
  ],
  "val_video_acc1": [
    98.43695068359375,
    98.58539581298828
  ],
  "val_video_acc5": [
    99.91267395019531,
    99.88648223876953
  ]
}