{
  "train_loss": [
    0.3177081139867543
  ],
  "train_acc1": [
    90.04007320459422
  ],
  "train_acc5": [
    98.9729269216206
  ],
  "val_clip_loss": [
    0.5085382072972752
  ],
  "val_clip_acc1": [
    84.97262986256698
  ],
  "val_clip_acc5": [
    97.56871651525739
  ],
  "val_video_acc1": [
    89.37303161621094
  ],
  "val_video_acc5": [
    99.02200317382812
  ]
}