{
  "train_loss": [
    4.26016109282744,
    4.085975708575222,
    3.8163410018942208,
    3.512213096272346,
    3.2285849768356236,
    2.926700005151706,
    2.6741917709398537,
    2.4189213291226817,
    2.202033316622899,
    1.9948633410577667,
    1.8295363772181825,
    1.604429235837979,
    1.4554277462832754,
    1.3275064949633022,
    1.179087465285589
  ],
  "train_acc1": [
    5.380852550663872,
    7.59958071278826,
    12.185534591194969,
    17.12962962962963,
    22.204751921733052,
    27.4895178197065,
    33.403214535290005,
    38.2162823200559,
    42.74109014675052,
    47.152341020265546,
    51.022012578616355,
    56.73480083857442,
    60.490915443745635,
    63.37351502445842,
    66.82389937106919
  ],
  "train_acc5": [
    17.059748427672957,
    22.99091544374563,
    31.84835779175402,
    41.16002795248078,
    49.598183088749124,
    56.874563242487774,
    61.99336128581412,
    68.361285814116,
    72.55415793151643,
    76.81691125087352,
    79.60342417889588,
    83.47309573724668,
    85.56079664570231,
    87.52620545073376,
    89.48287910552061
  ],
  "val_clip_loss": [
    4.165742842178771,
    3.893409089669169,
    3.475343842746159,
    3.277428994631634,
    2.965543778914979,
    2.863218509951117,
    2.7582001925846718,
    2.401620875523743,
    1.9443647501854924,
    1.7615780963578038,
    1.493578010431215,
    1.1513157849871247,
    1.029477423129801,
    0.9678382234200419,
    0.9012396615310754
  ],
  "val_clip_acc1": [
    7.110412299091545,
    10.69182389937107,
    18.509783368273933,
    20.26554856743536,
    29.90041928721174,
    31.12334032145353,
    34.730957372466804,
    39.53529000698812,
    49.187631027253666,
    53.23200559049616,
    59.119496855345915,
    66.93745632424877,
    71.13906359189379,
    72.87735849056604,
    74.80782669461915
  ],
  "val_clip_acc5": [
    19.04262753319357,
    29.75192173305381,
    41.11635220125786,
    47.99965059399022,
    55.843815513626836,
    61.146051712089445,
    64.02865129280224,
    70.94689028651293,
    77.48951781970649,
    81.92697414395528,
    85.85779175401817,
    90.69706498951781,
    90.88923829489868,
    92.479035639413,
    92.8109713487072
  ],
  "val_video_acc1": [
    7.142857074737549,
    10.723017692565918,
    18.538246154785156,
    20.293397903442383,
    29.924903869628906,
    31.147397994995117,
    34.753753662109375,
    39.5564079284668,
    49.205379486083984,
    53.24834060668945,
    59.13377380371094,
    66.94900512695312,
    71.1491470336914,
    72.88683319091797,
    74.8166275024414
  ],
  "val_video_acc5": [
    19.070903778076172,
    29.776458740234375,
    41.13691711425781,
    48.01781463623047,
    55.85923767089844,
    61.15962219238281,
    64.04121398925781,
    70.95703887939453,
    77.49738311767578,
    81.93328857421875,
    85.86273193359375,
    90.70030975341797,
    90.89241790771484,
    92.48165893554688,
    92.81348419189453
  ]
}