{
  "train_loss": [
    0.4753711669543754,
    0.3903165621023071,
    0.3248150637275705,
    0.282174113200708,
    0.23992306018244294,
    0.2069251193885596,
    0.18732754524164605,
    0.17424379812213797,
    0.16289400236497573,
    0.17074852892728737,
    0.15382577013907725,
    0.13637888629479525,
    0.12190716498115528,
    0.11220742603256299,
    0.09421776755873028
  ],
  "train_acc1": [
    85.5520589896468,
    87.96296032119847,
    89.95457461695001,
    91.17749567251785,
    92.34800569866188,
    93.22152079776149,
    94.16491723210557,
    94.55799886515555,
    94.92487490352094,
    94.58420436387291,
    95.01222668853696,
    95.75471461394048,
    96.1041206023978,
    96.61075956716478,
    96.91648976707859
  ],
  "train_acc5": [
    97.72885896374845,
    98.52375815849385,
    98.85569419301031,
    99.18763016354863,
    99.30992240026062,
    99.58071227643475,
    99.57197716351075,
    99.58944746933143,
    99.71173969004889,
    99.62438811296187,
    99.74668033367932,
    99.76415067148909,
    99.82529678184781,
    99.86023742547825,
    99.9039132300163
  ],
  "val_clip_loss": [
    0.4598503512656414,
    0.3825653524018933,
    0.3285105963173153,
    0.2611531831433438,
    0.23855277327371593,
    0.2017259257894392,
    0.19038187982651172,
    0.17655356225227659,
    0.15762752956814235,
    0.18869032949771522,
    0.14591477751981788,
    0.1447179222506797,
    0.1238613808429966,
    0.10162834951212821,
    0.10207292568758598
  ],
  "val_clip_acc1": [
    85.98008385744235,
    88.08525506638715,
    89.46540880503144,
    91.9287211740042,
    92.50524109014675,
    93.72816212438853,
    93.87665967854647,
    94.37456324248777,
    95.01222921034241,
    94.26100628930817,
    95.36163522012579,
    95.3529000698812,
    95.86827393431167,
    96.54088050314465,
    96.83787561146052
  ],
  "val_clip_acc5": [
    97.65897973445144,
    98.235499650594,
    98.59364081062195,
    98.97798742138365,
    99.05660377358491,
    99.30992313067784,
    99.34486373165619,
    99.48462613556953,
    99.61565338923829,
    99.4496855345912,
    99.60691823899371,
    99.69426974143956,
    99.73794549266248,
    99.84276729559748,
    99.85150244584207
  ],
  "val_video_acc1": [
    85.98497772216797,
    88.08941650390625,
    89.46908569335938,
    91.9315414428711,
    92.50785827636719,
    93.73035430908203,
    93.87879943847656,
    94.37652587890625,
    95.01396942138672,
    94.26300811767578,
    95.36325073242188,
    95.35452270507812,
    95.86971282958984,
    96.54208374023438,
    96.83898162841797
  ],
  "val_video_acc5": [
    97.65979766845703,
    98.23611450195312,
    98.59413146972656,
    98.97834014892578,
    99.05693054199219,
    99.31016540527344,
    99.3450927734375,
    99.48480224609375,
    99.61578369140625,
    99.44987487792969,
    99.6070556640625,
    99.69437408447266,
    99.738037109375,
    99.84281921386719,
    99.85155487060547
  ]
}