{
  "train_loss": [
    1.0317343925832299,
    0.8641027139767308,
    0.8266638067187262,
    0.8017856169440631,
    0.8151876916899009,
    0.8053090760614028,
    0.79716394123428,
    0.7902680563477607,
    0.7863961833416714,
    0.7847571285072498
  ],
  "train_acc1": [
    97.42764935297023,
    98.18505787000537,
    98.9629652990213,
    99.51748714875903,
    98.91881379629338,
    99.14430182808246,
    99.3797765092981,
    99.5942266654052,
    99.71196400601302,
    99.75716673499637
  ],
  "train_acc5": [
    99.89908227947902,
    99.95952778916606,
    99.98160354053003,
    99.99579509497829,
    99.98318037991316,
    99.99001335057345,
    99.99053896370116,
    99.99684632123372,
    99.99526948185058,
    99.99579509497829
  ],
  "val_clip_loss": [
    0.9640246831415336,
    0.9352912882849332,
    0.9465684366201218,
    0.9550141803627553,
    0.9472072435461957,
    0.945050838544395,
    0.9367161666366554,
    0.9398114068024817,
    0.9335873555362756,
    0.9337707487558932
  ],
  "val_clip_acc1": [
    94.62102689486552,
    94.86552567237163,
    94.88298987076493,
    94.62975899406217,
    94.62102689486552,
    95.09256025148446,
    95.37198742577716,
    95.25847013622075,
    95.45930841774363,
    95.45057631854698
  ],
  "val_clip_acc5": [
    99.63325183374083,
    99.66818023052741,
    99.47607404820118,
    99.39748515543137,
    99.56339504016766,
    99.46734194900453,
    99.54593084177436,
    99.5895913377576,
    99.55466294097101,
    99.58085923856095
  ],
  "val_video_acc1": [
    94.62102508544922,
    94.86552429199219,
    94.88298797607422,
    94.6297607421875,
    94.62102508544922,
    95.09255981445312,
    95.37198638916016,
    95.25846862792969,
    95.45930480957031,
    95.45057678222656
  ],
  "val_video_acc5": [
    99.63324737548828,
    99.66818237304688,
    99.47607421875,
    99.3974838256836,
    99.56339263916016,
    99.46733856201172,
    99.54592895507812,
    99.58959197998047,
    99.5546646118164,
    99.58085632324219
  ]
}