{
  "train_loss": [
    0.2059378099207711,
    0.14136077746500822,
    0.16939415961154383,
    0.128223928402053,
    0.10353185337637055,
    0.06756791296445418,
    0.05276240471902742,
    0.0387351471963478
  ],
  "train_acc1": [
    93.3704416199895,
    95.34254207509026,
    94.520483143587,
    95.82032440842242,
    96.6302942382289,
    97.76666982010482,
    98.26547667854553,
    98.71802958150683
  ],
  "train_acc5": [
    99.69409315967076,
    99.87385284934876,
    99.81130488715087,
    99.88541633815846,
    99.92115803084297,
    99.96688637295405,
    99.98212915365774,
    99.99053896370116
  ],
  "val_clip_loss": [
    0.3032809635780377,
    0.3215544929717506,
    0.2660844472533498,
    0.20966486158317693,
    0.22016665922196885,
    0.27341591179703867,
    0.24359079712596018,
    0.2691776552679818
  ],
  "val_clip_acc1": [
    90.28990569332868,
    90.47327977645826,
    91.92280824310164,
    93.79147747118407,
    93.52951449528467,
    92.8833391547328,
    93.64303178484107,
    93.21515892420538
  ],
  "val_clip_acc5": [
    99.2752357666783,
    99.13552217953196,
    99.34509256025149,
    99.52846664338107,
    99.4411456514146,
    99.24030736989172,
    99.41494935382465,
    99.4236814530213
  ],
  "val_video_acc1": [
    90.28990173339844,
    90.47328186035156,
    91.92280578613281,
    93.79147338867188,
    93.52951049804688,
    92.88333892822266,
    93.64302825927734,
    93.21515655517578
  ],
  "val_video_acc5": [
    99.27523803710938,
    99.1355209350586,
    99.3450927734375,
    99.5284652709961,
    99.44114685058594,
    99.24030303955078,
    99.41494750976562,
    99.4236831665039
  ]
}