{
  "train_loss": [
    0.20296797027646632,
    0.1915484996737453,
    0.20044258053690506,
    0.12592717876962958,
    0.07957877026499006,
    0.0534194091513419,
    0.08233650721355225,
    0.0682262052634491
  ],
  "train_acc1": [
    93.45086042869006,
    93.63009450548097,
    93.45243726855442,
    95.87393694793042,
    97.33514144249267,
    98.20345432947533,
    97.26365805712364,
    97.70937798990587
  ],
  "train_acc5": [
    99.71774575041786,
    99.7813449388712,
    99.73351414424927,
    99.89645421384044,
    99.96268146793234,
    99.9768730223806,
    99.94848991348408,
    99.9458618478455
  ],
  "val_clip_loss": [
    0.35216844015281296,
    0.3749451877018593,
    0.289456202331202,
    0.30688964588016104,
    0.3146026014615704,
    0.3143835866917445,
    0.24431386340263836,
    0.2517999403969536
  ],
  "val_clip_acc1": [
    89.03248340901153,
    88.77052043311213,
    91.32029339853301,
    91.31156129933636,
    91.60845267202235,
    91.82675515193853,
    93.4421935033182,
    93.03178484107579
  ],
  "val_clip_acc5": [
    99.24030736989172,
    99.06566538595878,
    99.39748515543137,
    99.43241355221795,
    99.15298637792526,
    99.24903946908837,
    99.51973454418442,
    99.46734194900453
  ],
  "val_video_acc1": [
    89.03248596191406,
    88.77052307128906,
    91.3202896118164,
    91.31156158447266,
    91.60845184326172,
    91.82675170898438,
    93.44219207763672,
    93.03178405761719
  ],
  "val_video_acc5": [
    99.24030303955078,
    99.06566619873047,
    99.3974838256836,
    99.43241119384766,
    99.15298461914062,
    99.24903869628906,
    99.51972961425781,
    99.46733856201172
  ]
}