{
  "train_loss": [
    1.1427275028106063,
    1.0774532513529453,
    1.0250824839553365,
    0.9682824450322285,
    0.9106077466885569,
    0.8772926143963571,
    0.8964008375115159,
    0.8693305150757042,
    0.8548483691816373,
    0.8359321525506487,
    0.8182985818184589
  ],
  "train_acc1": [
    92.41487432782601,
    91.86035247054929,
    93.12813126722435,
    94.67080587999249,
    96.45841643756812,
    97.40241792516363,
    96.75065743538593,
    97.51069424134253,
    97.90805800746294,
    98.42473598565519,
    99.03339646683574
  ],
  "train_acc5": [
    99.64153142952716,
    99.56479184807762,
    99.66518404433494,
    99.8002667753536,
    99.91117127394547,
    99.9611045810695,
    99.92693968702541,
    99.96110458203192,
    99.97266808399479,
    99.98528281445873,
    99.99264140722937
  ],
  "val_clip_loss": [
    1.1514372585872032,
    1.0791727417674144,
    1.0333094250556476,
    1.0127315414684446,
    0.9807305362637483,
    0.9871896924919257,
    0.9520579929458363,
    0.9566737340149267,
    0.9392987469721107,
    0.938814131241271,
    1.0108453335042773
  ],
  "val_clip_acc1": [
    88.21166608452673,
    88.3950401676563,
    90.52567237163814,
    90.99720572825707,
    92.21096751659098,
    91.86168354872511,
    91.94900454069158,
    93.18023052741879,
    92.31575270695075,
    92.9008033531261,
    92.69996507160322
  ],
  "val_clip_acc5": [
    98.76877401327279,
    99.35382465944814,
    99.24903946908837,
    99.43241355221795,
    99.56339504016766,
    99.31889626266154,
    99.4586098498079,
    99.4586098498079,
    99.52846664338107,
    99.67691232972406,
    99.69437652811736
  ],
  "val_video_acc1": [
    88.21166229248047,
    88.3950424194336,
    90.52567291259766,
    90.99720764160156,
    92.21096801757812,
    91.86167907714844,
    91.94900512695312,
    93.18022918701172,
    92.31575012207031,
    92.90080261230469,
    92.69996643066406
  ],
  "val_video_acc5": [
    98.7687759399414,
    99.35382080078125,
    99.24903869628906,
    99.43241119384766,
    99.56339263916016,
    99.31889343261719,
    99.45861053466797,
    99.45861053466797,
    99.5284652709961,
    99.67691040039062,
    99.69437408447266
  ]
}