{
  "train_loss": [
    0.7711114761050187,
    0.4797328946456396,
    0.3768918566541049,
    0.2945765662345224,
    0.24383793933207804,
    0.20218858969990974,
    0.19306345164838284,
    0.16830603051839615,
    0.13864088450007625,
    0.14520089792226853,
    0.11228672437780854,
    0.08367083441611124,
    0.06201907759938811,
    0.04330498970030123,
    0.1277360037491428
  ],
  "train_acc1": [
    78.7648497554158,
    86.8361285814116,
    89.21208944793851,
    91.45702306079664,
    92.85464709993012,
    93.76310272536688,
    94.31341719077568,
    94.95108315863033,
    96.12159329140461,
    95.47519217330539,
    96.575821104123,
    97.71139063591893,
    98.27044025157232,
    98.96925227113907,
    96.19147449336128
  ],
  "train_acc5": [
    95.55380852550664,
    98.15688329839273,
    98.72466806429071,
    99.07407407407408,
    99.4496855345912,
    99.54577218728163,
    99.48462613556953,
    99.64185883997204,
    99.79909154437456,
    99.72047519217331,
    99.87770789657583,
    99.895178197065,
    99.93011879804332,
    99.94758909853249,
    99.86023759608665
  ],
  "val_clip_loss": [
    0.4871557241936423,
    0.3476026914371798,
    0.2671418956228895,
    0.21951352222941894,
    0.18344582431972664,
    0.1679971638978444,
    0.14093652946425972,
    0.11719810368573882,
    0.15145646598542298,
    0.13137941045099266,
    0.1031840395027946,
    0.08930298334840402,
    0.06447866765854245,
    0.06361647145271745,
    0.10858223945749156
  ],
  "val_clip_acc1": [
    85.75005823433496,
    89.52655485674353,
    91.9753086419753,
    93.42534358257629,
    94.42988586070346,
    94.77346843699046,
    95.41404612159329,
    96.47682273468438,
    95.44607500582343,
    95.89447938504543,
    96.9019333799208,
    97.30375029117168,
    98.0083857442348,
    98.0083857442348,
    96.575821104123
  ],
  "val_clip_acc5": [
    97.79874213836477,
    98.73340321453529,
    99.19636617749825,
    99.31574656417423,
    99.48171441882134,
    99.5632424877708,
    99.68844630794317,
    99.75250407640345,
    99.58362450500815,
    99.72047519217331,
    99.80200326112276,
    99.79909154437456,
    99.88353133007222,
    99.91264849755416,
    99.79326811087817
  ],
  "val_video_acc1": [
    90.5344009399414,
    93.73908233642578,
    95.9395751953125,
    96.74292755126953,
    97.35417175292969,
    97.31924438476562,
    97.84317016601562,
    98.33216857910156,
    97.47642517089844,
    97.84317016601562,
    98.6115951538086,
    98.68144989013672,
    99.09185791015625,
    99.28396606445312,
    98.43695068359375
  ],
  "val_video_acc5": [
    99.27523803710938,
    99.80789184570312,
    99.91267395019531,
    99.9476089477539,
    99.98253631591797,
    99.97380065917969,
    100.0,
    100.0,
    99.93887329101562,
    99.97380065917969,
    100.0,
    99.99126434326172,
    100.0,
    100.0,
    99.98253631591797
  ]
}